"0","# install.packages(""tidyverse"",dependencies = T)"
"0","# install.packages(""corrplot"")"
"0","# install.packages(""ggplot2"")"
"0","# install.packages(""GGally"")"
"0","# install.packages(""gridExtra"")"
"0","# install.packages(""grid"")"
"0","# install.packages(""ggplot2"")"
"0","# install.packages(""caret"")"
"0","library(caret)"
"2","Warning:"
"2"," package â€˜caretâ€™ was built under R version 4.1.3
"
"2","Loading required package: ggplot2
"
"2","Loading required package: lattice
"
"0","library(dplyr)"
"2","
Attaching package: â€˜dplyrâ€™

"
"2","The following objects are masked from â€˜package:statsâ€™:

    filter, lag

"
"2","The following objects are masked from â€˜package:baseâ€™:

    intersect, setdiff, setequal, union

"
"0","library(GGally)"
"2","Warning:"
"2"," package â€˜GGallyâ€™ was built under R version 4.1.3
"
"2","Registered S3 method overwritten by 'GGally':
  method from   
  +.gg   ggplot2
"
"0","library(ggplot2)"
"0","library(tidyverse)"
"2","Warning:"
"2"," package â€˜tidyverseâ€™ was built under R version 4.1.3
"
"2","Registered S3 methods overwritten by 'dbplyr':
  method         from
  print.tbl_lazy     
  print.tbl_sql      
"
"2","[30m-- [1mAttaching packages[22m -------------- tidyverse 1.3.1 --[39m
"
"2","[30m[32mv[30m [34mtibble [30m 3.1.6     [32mv[30m [34mpurrr  [30m 0.3.4
[32mv[30m [34mtidyr  [30m 1.2.0     [32mv[30m [34mstringr[30m 1.4.0
[32mv[30m [34mreadr  [30m 2.1.2     [32mv[30m [34mforcats[30m 0.5.1[39m
"
"2","[30m-- [1mConflicts[22m ----------------- tidyverse_conflicts() --
[31mx[30m [34mdplyr[30m::[32mfilter()[30m masks [34mstats[30m::filter()
[31mx[30m [34mdplyr[30m::[32mlag()[30m    masks [34mstats[30m::lag()
[31mx[30m [34mpurrr[30m::[32mlift()[30m   masks [34mcaret[30m::lift()[39m
"
"0","library(corrplot)"
"2","Warning:"
"2"," package â€˜corrplotâ€™ was built under R version 4.1.3
"
"2","corrplot 0.92 loaded
"
